{
  "alpha_monthly": -0.029746970283341147,
  "alpha_annual": -0.30398261010790417,
  "beta": 0.4972631860610899,
  "se_alpha": 0.00753143491084703,
  "t_alpha": -3.949708207727925,
  "p_alpha": 7.82465220375922e-05,
  "se_beta": 0.11266841331362552,
  "t_beta": 4.413510152813641,
  "p_beta": 1.0170794598490381e-05,
  "n_obs": 177
}